label,name,notice,furigana
不燃ごみ,IHクッキングヒーター,,あ
可燃ごみ,アートフラワー(造花）,金属部分は不燃ごみに分別して出す。,あ
可燃ごみ,アイスクリームのカップ・フタ,,あ
可燃ごみ,アイスノン類（保冷剤）,,あ
不燃ごみ,アイスピック,危険のないようガムテープ等で覆って出す。,あ
不燃ごみ,アイロン,,あ
不燃ごみ,アイロン台,金属のついてないも物は可燃ごみ,あ
可燃ごみ,アクリル板,50ｃｍ角以内に切って出す。,あ
不燃ごみ,雨どい（プラスチック・金属製）,長さ１ｍ以内にして出す。,あ
不燃ごみ,編み機,,あ
不燃ごみ,網戸（金属製）,木・プラスチック製品、網部分は50ｃｍ角以内に切って可燃ごみ。,あ
可燃ごみ,飴の個装・外包装,,あ
可燃ごみ,アルバム,金属部分は不燃ごみ。,あ
資源ごみ,アルミ缶,水洗いして、つぶさずに出す。,あ
可燃ごみ,アルミコーティング袋（レトルト食品用）,,あ
不燃ごみ,アルミ箔の鍋(うどん等),中を空にして出す。,あ
不燃ごみ,アルミホイル（クッキングホイル）,芯・外箱（箱）は、可燃ごみ,あ
不燃ごみ,安全靴,,あ
不燃ごみ,安全ピン,,あ
不燃ごみ,アンテナ（テレビ用）,,あ
不燃ごみ,アンプ（ステレオなど）,,あ
可燃ごみ,衣装ケース（プラスチック製）,金属製品・金属部分は不燃ごみ。,い
不燃ごみ,移植こて（小スコップ）,,い
不燃ごみ,いす（金属製）,木・プラスチック製品は可燃ごみ。,い
不燃ごみ,板ガラス,危険のないようガムテープ等で覆って出す。,い
可燃ごみ,板切れ,釘等は抜いて、50ｃｍ角以内に切って出す。,い
可燃ごみ,イチゴ等のパック,素材が塩化ビニル製品の場合、不燃ごみ。,い
不燃ごみ,一輪車（運搬用・運動用）,指定袋（大）をつけて出す。,い
資源ごみ,一升びん（酒など）,中をよく洗って出す。できるだけ販売店へ。,い
不燃ごみ,一斗缶,,い
不燃ごみ,鋳物鍋,中をよく洗って出す。,い
不燃ごみ,入れ歯,,い
可燃ごみ,印鑑,鉱石類製品は不燃ごみ。,い
不燃ごみ,インクリボン,,い
不燃ごみ,インクカートリッジ,できるだけ販売店のリサイクルボックスへ。,い
不燃ごみ,インターホン,乾電池は処理困難ごみ。,い
可燃ごみ,ウォーターサーバーのペットボトル,,う
可燃ごみ,植木（太さが直径10ｃｍ以内）,土を取り除き、長さ80ｃｍ以内に切って出す。,う
可燃ごみ,植木鉢（プラスチック製品、ポット）,土などを取り除いて出す。,う
不燃ごみ,植木鉢（陶器製）,土などを取り除いて出す。,う
可燃ごみ,植木鉢用支柱（木・プラスチック製）,長さ80ｃｍ以内にして出す。金属製は不燃ごみ。,う
不燃ごみ,浮輪,空気を抜いて出す。,う
可燃ごみ,うちわ,金属部分は不燃ごみ。,う
不燃ごみ,腕時計,,う
不燃ごみ,乳母車,木・プラスチック部分は可燃ごみ。,う
不燃ごみ,運動靴,,う
不燃ごみ,映写機,,え
可燃ごみ,絵の具セット,金属部分、金属製品は不燃ごみ。分別して出す。,え
可燃ごみ,絵の具チューブ,中身を使い切って出す。金属製は不燃ごみ。,え
不燃ごみ,MD（ミニディスク）,ケースは可燃ごみ。,え
不燃ごみ,延長コード,,え
可燃ごみ,鉛筆（芯も含む）,,え
不燃ごみ,鉛筆削り,,え
不燃ごみ,塩ビ管（家庭用のものに限る）,1ｍ以内にして出す。,え
不燃ごみ,オイルヒーター,,お
不燃ごみ,オーブンレンジ,中にごみを入れない,お
不燃ごみ,王冠,プラスチック製品は可燃ごみ。,お
不燃ごみ,オーディオ機器,,お
不燃ごみ,オーブントースター,中にごみを入れない,お
可燃ごみ,桶（木・プラスチック製）,金属製品、金具は不燃ごみ。,お
可燃ごみ,おしゃぶり,,お
可燃ごみ,お玉（しゃくし）,金属製・金属部分は不燃ごみ。,お
可燃ごみ,落ち葉,乾かして、土などを取り除いて出す。,お
可燃ごみ,帯,50ｃｍ以内に切って出す。処理施設に直接搬入する場合は切らなくてもよい。,お
可燃ごみ,おまる,金属部分は不燃ごみ。,お
可燃ごみ,おむつ,汚物は取り除いて出す。,お
可燃ごみ,おむつカバー,金属部分は不燃ごみ。,お
可燃ごみ,おもちゃ（木・プラスチック製）,金属部分は不燃ごみ。電池は処理困難ごみ。,お
不燃ごみ,折りたたみイス,布部分は切って可燃ごみ、分別して出す。,お
不燃ごみ,オルゴール,,お
不燃ごみ,おろしがね,プラスチック製品は可燃ごみ。,お
可燃ごみ,お椀,,お
処理困難ごみ 電池・体温計,温度計,,お
不燃ごみ,カーステレオ,,か
可燃ごみ,カーテン（布製・レース）,50ｃｍ角以内に切って出す。金属部分は不燃ごみ。,か
不燃ごみ,カーテンレール,１ｍ以内にして出す。,か
可燃ごみ,カード（キャッシュカード等）,,か
不燃ごみ,カーナビ,,か
可燃ごみ,カーボン紙,,か
可燃ごみ,カーマット（車用フロアマット）,金属部分は不燃ごみ。,か
可燃ごみ,貝殻,,か
不燃ごみ,懐中電灯,電池は処理困難ごみ。,か
可燃ごみ,買い物かご,金属部分は不燃ごみ。,か
可燃ごみ,買い物袋（レジ袋など）,エコバックなどの繰り返し使える買い物袋を持参して、なるべくもらわない,か
不燃ごみ,カイロ（使い捨て・金属製）,未使用品は回収不可,か
不燃ごみ,鏡,割れた鏡は危険のないように包んで出す。,か
不燃ごみ,鍵,,か
可燃ごみ,額縁（木・プラスチック製）,金属・ガラス部分は不燃ごみ。,か
不燃ごみ,傘,分解する必要はない。,か
不燃ごみ,傘立て,木・プラスチック製品は可燃ごみ。,か
不燃ごみ,加湿器,,か
不燃ごみ,ガスオーブンレンジ,中にごみを入れない,か
不燃ごみ,ガスコンロ,電池は処理困難ごみ。,か
不燃ごみ,ガス湯沸器,電池は処理困難ごみ。,か
不燃ごみ,カセットテープ,ケースは可燃ごみ。,か
不燃ごみ,カセットデッキ,電池は処理困難ごみ。,か
不燃ごみ,カセットガスボンベ,中身を使い切って、穴を開ける。キャップは可燃ごみ。,か
不燃ごみ,カセットコンロ,,か
不燃ごみ,ガソリン缶,中身を空にして出す。,か
不燃ごみ,カッターナイフ,刃が出ているものは、ガムテープ等で覆って出す。,か
不燃ごみ,カッパ,,か
可燃ごみ,かつら,金属部分は不燃ごみ。,か
不燃ごみ,金網,長さ1m以内にして出す。,か
不燃ごみ,かなづち,木・プラスチック製品は可燃ごみ。,か
不燃ごみ,かばん,,か
不燃ごみ,画びょう（押しピン）,ガムテープ等で覆って出す。,か
不燃ごみ,花びん,プラスチック製品は可燃ごみ。,か
可燃ごみ,壁紙（クロス）,50㎝角以内にして出す。,か
不燃ごみ,鎌,刃をガムテープ等で覆って出す。木・プラスチック製の柄は可燃ごみ。,か
可燃ごみ,かまぼこの板,,か
可燃ごみ,髪（髪の毛）,,か
可燃ごみ,紙おむつ,汚物は取り除いて出す。,か
可燃ごみ,紙コップ,できるだけ使い捨ては避けましょう。,か
可燃ごみ,紙皿,できるだけ使い捨て商品は避けましょう。,か
不燃ごみ,かみそり,刃の部分はガムテープ等で覆って出す。,か
可燃ごみ,ガム,紙などに包んで出す。,か
可燃ごみ,ガムの包み紙,,か
可燃ごみ,ガムテープ,,か
不燃ごみ,カメラ,電池は処理困難ごみ。,か
可燃ごみ,カメラのケース,金属部分は不燃ごみ。,か
可燃ごみ,蚊帳,50cm角以内に切って出す。金属部分は不燃ごみ。,か
可燃ごみ,カラーボックス（木・プラスチック製）,50cm角以内にして出す。金属部分は不燃ごみ。,か
不燃ごみ,カラオケセット,,か
不燃ごみ,ガラスくず,危険でないように包んで出す。,か
不燃ごみ,ガラスクリーナー（スプレー缶）,中身を使い切り穴を空ける。キャップは可燃ごみ。,か
不燃ごみ,ガラス食器,,か
不燃ごみ,革靴,,か
可燃ごみ,革ジャンバー,金属製のボタン・ファスナーは不燃ごみ。,か
不燃ごみ,缶(コーヒー･缶詰･菓子･のり･ミルク),中をよく洗って出す。飲料用アルミ缶は資源ごみ。,か
不燃ごみ,缶(スプレー),中身を使い切って、穴を開ける。キャップは可燃ごみ。,か
資源ごみ,缶(ビール),中をよく洗って出す。スチール缶は不燃ごみ。,か
不燃ごみ,缶(汚れた缶),中をよく洗って出す。,か
不燃ごみ,缶(ワックス･ペンキ),中を使い切って出す。,か
不燃ごみ,換気扇,,か
不燃ごみ,缶切り,危険のないようにして出す。,か
可燃ごみ,玩具類(木･プラスチック製),電池は処理困難ごみ。金属部分や金属製の玩具類は不燃ごみ。,か
不燃ごみ,乾燥機（ふとん）,,か
不燃ごみ,乾燥剤,消石灰は可燃ごみ。,か
処理困難ごみ 電池・体温計,乾電池･ボタン電池,,か
可燃ごみ,感熱紙,資源ごみには出さない。,か
不燃ごみ,乾物の缶,中身を空にする。,か
不燃ごみ,キーホルダー,プラスチック製品は可燃ごみ。,き
不燃ごみ,キーボード(楽器),,き
不燃ごみ,キーボード(パソコン用),,き
不燃ごみ,ギター,,き
可燃ごみ,木づち,,き
不燃ごみ,キッチンワゴン,長さ1m以内にして出す。木製品は可燃ごみ。,き
可燃ごみ,キャップ（ふた）,金属製品は不燃ごみ。,き
不燃ごみ,急須（陶磁器類),プラスチック製品は可燃ごみ。,き
不燃ごみ,給油ポンプ（電動）,電池は処理困難ごみ。,き
可燃ごみ,給油ポンプ（手動ポンプ）,,き
資源ごみ,牛乳びん,中をよく洗って出す。できるだけ販売店に出す。,き
不燃ごみ,金庫(手提げ）,,き
可燃ごみ,クーラーボックス,金属部分は不燃ごみ。,く
不燃ごみ,空気入れ,プラスチック製品は可燃ごみ。,く
不燃ごみ,空気清浄機,,く
不燃ごみ,釘（くぎ）,プラスチック製、袋、容器、箱は可燃ごみ。,く
可燃ごみ,草花,乾燥させ、土などを取り除いたものを出す。,く
不燃ごみ,草刈機,刃をはずして、指定袋（大）をつけて出す。,く
不燃ごみ,草刈機の刃,刃をガムテープ等で覆い、危険でないように出す,く
可燃ごみ,串,金属製品は不燃ごみ。,く
可燃ごみ,櫛（くし）,金属製品は不燃ごみ。,く
可燃ごみ,薬(医薬品の錠剤、カプセルなど),ＰＶＣ表記は不燃ごみ,く
可燃ごみ,薬(錠剤、カプセルなど)の包装シート,ＰＶＣ表記は不燃ごみ,く
資源ごみ,薬のびん(飲み薬),中を空にして出す。,く
可燃ごみ,薬のプラスチック容器,,く
可燃ごみ,薬の容器のフタ(プラスチック製),金属製のフタは不燃ごみ。,く
可燃ごみ,口紅の容器(プラスチック製),金属製は不燃ごみ。,く
不燃ごみ,靴,,く
可燃ごみ,靴下,,く
可燃ごみ,クッキングペーパー,,く
不燃ごみ,グラスウール,なるべく専門業者に依頼する。,く
可燃ごみ,クッション,,く
可燃ごみ,靴ブラシ,金属部分は不燃ごみ。,く
不燃ごみ,熊手,1ｍ以内にして出す。竹製のものは50㎝以内にして可燃ごみ。,く
可燃ごみ,クラフトテープ(荷造りテープ),長さ50cm以内に切って出す。,く
可燃ごみ,クリアファイル,金属部分は不燃ごみ。,く
不燃ごみ,クリスタルガラス,危険な部分はガムテープ等で覆う。,く
不燃ごみ,クリスマスツリー,,く
不燃ごみ,クリップ,,く
不燃ごみ,車椅子,指定袋（大）をつけて出す。,く
可燃ごみ,クレヨン･クレパス,金属容器は不燃ごみ。,く
不燃ごみ,グローブ(野球用）,金属部分、金属部品は不燃ごみ,く
不燃ごみ,グローランプ,,く
不燃ごみ,くわ（鍬）,木製の柄は可燃ごみ。,く
可燃ごみ,軍手,,く
処理困難ごみ 蛍光管,蛍光管･蛍光球,,け
不燃ごみ,計算機,,け
不燃ごみ,携帯電話,できるだけ販売店に出す。エコプラザ・山岡振興事務所に設置してある回収ボックスでも回収可能。,け
可燃ごみ,毛糸,50cm以内に切って出す。,け
不燃ごみ,ゲーム機,電池は処理困難ごみ。,け
不燃ごみ,ゲームソフト類,外装（箱）は可燃ごみ。,け
不燃ごみ,消しゴム,,け
資源ごみ,化粧品のびん,中を空にして洗って出す。陶器製の化粧びんは不燃ごみ。,け
可燃ごみ,げた,,け
可燃ごみ,ケチャップ等のチューブ･フタ･外包装,,け
不燃ごみ,血圧計,電池は処理困難ごみ。水銀使用の場合は処理困難ごみ。,け
不燃ごみ,ケーブル,,け
可燃ごみ,玄関マット(布･ナイロン製),50cm角以内に切って出す。金属製品は不燃ごみ。,け
不燃ごみ,剣山,,け
可燃ごみ,剣道の道具,50㎝を超える場合を超える場合は粗大ごみ。めんは不燃ごみ,け
不燃ごみ,碁石,木、プラスチック製、容器は可燃ごみ,こ
可燃ごみ,こいのぼり,５０ｃｍ角以内に切って出す。,こ
不燃ごみ,高圧洗浄機（家庭用）,,こ
可燃ごみ,工具箱,プラスチック製のものは金属類をはずして出す。金属製は不燃ごみ。中に他のごみを入れない。分別して出す。,こ
可燃ごみ,紅茶のティーバッグ,,こ
不燃ごみ,小型電気製品,,こ
可燃ごみ,ゴーグル,金属やガラス部分は不燃ごみ。,こ
不燃ごみ,コード(電気),,こ
不燃ごみ,コードリール,,こ
資源ごみ,コーヒーのびん,中をよく洗って出す。プラスチック製のフタは可燃ごみ。金属製のフタは不燃ごみ。,こ
不燃ごみ,コーヒーメーカー,,こ
可燃ごみ,こたつがけ（布製）,50cm角以内に切って出す。,こ
不燃ごみ,コップ(ガラス製),資源（びん）に出さない。紙・プラスチック製品は可燃ごみ。,こ
不燃ごみ,粉ミルクの缶,中身を使い切り、洗って出す。プラスチックふたは可燃ごみ。,こ
可燃ごみ,ゴム手袋,,こ
不燃ごみ,ゴム長靴,,こ
可燃ごみ,ゴムホース,50cm以内に切って出す。,こ
可燃ごみ,ゴムマット,50cm角以内に切って出す。,こ
可燃ごみ,米びつ(プラスチック製),金属製品は不燃ごみ。,こ
可燃ごみ,米袋,,こ
可燃ごみ,コルク栓,,こ
不燃ごみ,コルセット,,こ
不燃ごみ,ゴルフクラブ,,こ
不燃ごみ,ゴルフバック,,こ
可燃ごみ,ゴルフボール,,こ
可燃ごみ,ゴルフマット,50cm角以内に切って出す。,こ
不燃ごみ,ゴルフセット,クラブは入っていてもよい。不燃ごみ大の袋を付けて出す。,こ
可燃ごみ,コンタクトレンズ,ガラス製品は不燃ごみ。,こ
可燃ごみ,コンパネ,50cm角以内に切って出す。,こ
不燃ごみ,コンプレッサー,２０?以上のものについては、エコセンター恵那、クリーンセンターあおぞらへ直接持ち込み。,こ
不燃ごみ,コンベックス（メジャー）,,こ
可燃ごみ,梱包用発泡スチロール,袋に入るようにして出す。,こ
不燃ごみ,コンロ,,こ
可燃ごみ,座いす(木製),金属製品や金属部分は不燃ごみ。,さ
不燃ごみ,財布,布製品は金属部分を取り可燃ごみ。,さ
可燃ごみ,裁縫セット,金属部分・金属製品は不燃ごみ,さ
資源ごみ,酒びん,中をよく洗って出す。,さ
可燃ごみ,座敷ほうき,金属部分は不燃ごみ。,さ
不燃ごみ,錆びた缶,,さ
可燃ごみ,座布団,,さ
不燃ごみ,皿(ガラス・陶磁器製),木・プラスチック製品は可燃ごみ。紙・新聞紙で包まない。,さ
可燃ごみ,ざる類(竹･プラスチック製),金属製品は不燃ごみ。,さ
可燃ごみ,三角コーナー,金属製品は不燃ごみ。,さ
不燃ごみ,三脚,,さ
不燃ごみ,サングラス,プラスチック製品は可燃ごみ。,さ
可燃ごみ,算数セット,金属部分。金属製品は不燃ごみ,さ
不燃ごみ,サンダル,,さ
可燃ごみ,残飯,十分に水切りをして出す。,さ
不燃ごみ,三輪車,指定袋大をつける。,さ
可燃ごみ,シーツ,ファスナー等の金属部分を取り、50cm角以内に切って出す。処理施設へ直接搬入する場合はそのまま。,し
可燃ごみ,シート（ブルーシート）,50cm角以内に切って出す。金属部分は不燃ごみ。,し
可燃ごみ,CD(コンパクトディスク),,し
不燃ごみ,CDラジカセ,電池は処理困難ごみ。,し
可燃ごみ,磁気カード,,し
不燃ごみ,磁石,,し
可燃ごみ,下着類,金属部分は不燃ごみ。,し
不燃ごみ,七輪,,し
可燃ごみ,湿布剤,,し
不燃ごみ,自転車,指定袋（大）をつけて出す。電動自転車はバッテリーは外す。バッテリーは回収不可。エコプラザへ。,し
不燃ごみ,自転車用空気入れ,,し
可燃ごみ,竹刀,80cm以内に切って出す。,し
不燃ごみ,シャープペンシル,,し
可燃ごみ,写真,,し
不燃ごみ,ジャッキ,プラスチック製の容器（ケース）は可燃ごみ,し
資源ごみ,ジャムのびん,中身を使い切り、よく洗って出す。プラスチック製のフタは可燃ごみへ、金属製のフタは不燃ごみ。,し
可燃ごみ,しゃもじ（木・プラスチック製）,,し
可燃ごみ,シャンプーボトル･詰め替え容器,ポンプの部分は不燃ごみ。,し
不燃ごみ,ジューサー(ミキサー),,し
可燃ごみ,シューズケース(手提げ),金属部分は不燃ごみ。,し
可燃ごみ,じゅうたん,６畳までは、たたんで指定袋（大）をつけてだす。６畳をこえるものは直接搬入する。,し
不燃ごみ,充電器,,し
不燃ごみ,充電式電池（モバイルバッテリー）,協力店のリサイクルボックスへ。協力点については、一般社団法人ＪＢＲＣへ問い合せる。,し
可燃ごみ,重箱（木・プラスチック製）,金属部分は不燃ごみ。,し
可燃ごみ,ジュニアシート,金属製・金属部分は不燃ごみ,し
可燃ごみ,定規(木･プラスチック製),金属製品は不燃ごみ。,し
不燃ごみ,浄水器,,し
不燃ごみ,照明器具,蛍光管は処理困難ごみ。,し
可燃ごみ,じょうろ（プラスチック製）,金属製品は不燃ごみ。,し
資源ごみ,食用油のびん,中身を使い切りよく洗って出す。プラスチック製のフタは可燃ごみ。,し
可燃ごみ,食用油のプラスチックボトル･ペットボトル,中身を使い切りよく洗って出す。金属製のフタは不燃ごみ。,し
不燃ごみ,除湿機,,し
不燃ごみ,除湿剤,液体が溜まるものは、液体を捨て容器は可燃ごみへ。,し
可燃ごみ,書道セット,金属部分・金属製品は不燃ごみ。石製の硯などは不燃,し
不燃ごみ,食器洗い乾燥機,中に他のごみを入れない,し
不燃ごみ,シリカゲル(乾燥剤),,し
可燃ごみ,シリコン製品,,し
不燃ごみ,シルバーカー（手押し車）,指定袋（大）をつけて出す,し
可燃ごみ,人工芝,50cm角以内にして出す。,し
処理困難ごみ 電池・体温計,水銀電池,,す
不燃ごみ,水槽(ガラス製),プラスチック製品は可燃ごみ。,す
可燃ごみ,水中メガネ,金属・ガラス部分は不燃ごみ。,す
不燃ごみ,水中ポンプ,家庭用の物に限る。,す
不燃ごみ,水筒(金属製),プラスチック製品は可燃ごみ。,す
不燃ごみ,炊飯器,中に他のごみを入れない,す
不燃ごみ,スーツケース（旅行用）,,す
不燃ごみ,スキー板,指定袋（大）をつけて出す。,す
可燃ごみ,スキーウェア,ボタン・ファスナーなど金属部分は不燃ごみ。,す
不燃ごみ,スキー用具,手袋は可燃ごみ。,す
不燃ごみ,スケート靴,,す
不燃ごみ,スケートボード,,す
不燃ごみ,スコップ,プラスチック製品は可燃ごみ。,す
不燃ごみ,硯(すずり),,す
可燃ごみ,すだれ,50cm角以内に切って出す。,す
可燃ごみ,スタンプ台(プラスチック製),金属製品は不燃ごみ。,す
不燃ごみ,スチール缶,中をよく洗って出す。,す
可燃ごみ,ステッカー,金属ステッカーは不燃ごみ。,す
不燃ごみ,ステレオ,,す
不燃ごみ,ステンレスジャー,,す
不燃ごみ,ストーブ,燃料を抜いて出す。電池は処理困難ごみ。指定袋に入らない場合は指定袋（大）をつけて出す。,す
可燃ごみ,ストッキング,,す
可燃ごみ,ストロー,,す
不燃ごみ,スニーカー,,す
不燃ごみ,スノーボード,指定袋（大）をつけて出す。,す
不燃ごみ,すのこ,,す
不燃ごみ,スパイクシューズ,,す
不燃ごみ,スパナ,,す
不燃ごみ,スピーカー,,す
不燃ごみ,スプーン,木･プラスチック製品は可燃ごみ。,す
不燃ごみ,スプレー缶,中身を使い切り穴を開ける。キャップは可燃ごみ。,す
可燃ごみ,スポーツ用具類(木･プラスチック製),金属製品は不燃ごみ。,す
可燃ごみ,スポンジ,50cm角以内に切って出す。,す
不燃ごみ,ズボンプレッサー,,す
不燃ごみ,スマートフォン,出来るだけ販売店やエコプラザ、回収ボックスへ出す。,す
可燃ごみ,スマートフォンケース,金属部分・金属製品は不燃ごみ。,す
不燃ごみ,スリッパ,布製品は可燃ごみ。,す
可燃ごみ,生花,,せ
可燃ごみ,生理用品,,せ
不燃ごみ,石油ストーブ,燃料を抜いて出す。電池は処理困難ごみ。,せ
不燃ごみ,石油ポンプ(電池駆動式),電池は処理困難ごみ。プラスチック製の石油ポンプは可燃ごみ。,せ
可燃ごみ,石鹸,,せ
可燃ごみ,接着剤のチューブ･外箱,中身を使い切って出す。金属製品は不燃ごみ。,せ
不燃ごみ,瀬戸物,,せ
可燃ごみ,セロハン紙,,せ
可燃ごみ,セロハンテープ(芯も含む),,せ
可燃ごみ,洗剤の紙箱,空にして出す。資源回収には出さない。,せ
可燃ごみ,洗剤の容器･キャップ,空にして出す。,せ
不燃ごみ,洗濯バサミ,,せ
不燃ごみ,剪定ばさみ,刃をガムテープ等で覆って出す。,せ
不燃ごみ,栓抜き,,せ
不燃ごみ,扇風機,,せ
可燃ごみ,洗面器(プラスチック製),金属製品は不燃ごみ。,せ
可燃ごみ,造花,金属部分は不燃ごみ。,そ
不燃ごみ,双眼鏡,プラスチック製は可燃ごみ。,そ
可燃ごみ,ぞうきん,,そ
不燃ごみ,掃除機,紙パック、ごみを取り出し空にして出す。,そ
不燃ごみ,ぞうり,,そ
可燃ごみ,ソースの容器･フタ,中身を使い切って出す。ガラス製品は不燃ごみ。,そ
可燃ごみ,ソリ(雪ソリ),金属製品は不燃ごみ。,そ
処理困難ごみ 電池・体温計,体温計,,た
不燃ごみ,体重計（ヘルスメーター）,電池は処理困難ごみ。,た
不燃ごみ,タイヤチェーン,プラスチック製の容器は可燃ごみ,た
不燃ごみ,タイヤホイール,指定袋（大）に入れるか入らない時は１本につき１枚指定袋（大）をつけて出す。,た
可燃ごみ,タオルケット,50cm角以内に切って可燃ごみ。処理施設に直接搬入する場合は切らなくてもよい。,た
可燃ごみ,竹,80cm以内に切って出す。,た
不燃ごみ,脱酸素剤（鉄粉）,,た
可燃ごみ,脱臭剤,,た
可燃ごみ,タッパーウェア類（タッパー類）,,た
可燃ごみ,タバコの吸殻,,た
可燃ごみ,卵の殻,,た
可燃ごみ,卵パック,,た
可燃ごみ,タマネギが入っていた網･ネット,,た
可燃ごみ,たも網,金属部分は不燃ごみ。,た
可燃ごみ,樽(木･プラスチック製),金属製品は不燃ごみ。,た
可燃ごみ,だるま,,た
不燃ごみ,たわし,スポンジ・プラスチック製品は可燃ごみ。,た
不燃ごみ,ダンベル（バーベル）,1ｍを超えるものは粗大ごみ。,た
不燃ごみ,チェーンソー,燃料を抜いて出す。刃も不燃ごみ。,ち
不燃ごみ,チャイルドシート,布部分は可燃ごみ。分別して出す。,ち
可燃ごみ,茶がら,十分に水切りをして出す。,ち
可燃ごみ,茶器(木･プラスチック製),金属・ガラス製の茶器は不燃ごみ。,ち
不燃ごみ,茶の缶,中身を空にする。,ち
不燃ごみ,茶わん,木･プラスチック製品は可燃ごみ。,ち
不燃ごみ,チューナー(ステレオなど),,ち
可燃ごみ,チューブ,金属部分は不燃ごみ。,ち
可燃ごみ,ちょうちん,金属部分は不燃ごみ。,ち
可燃ごみ,チョーク,,ち
可燃ごみ,ちりとり,金属製品は不燃ごみ。,ち
不燃ごみ,使い捨てカメラ（レンズ付きフィルム）,電池は処理困難ごみ。,つ
不燃ごみ,壷（つぼ）,木・プラスチック製品は可燃ごみ。,つ
可燃ごみ,つまようじ,,つ
可燃ごみ,積み木,金属製品は不燃ごみ。,つ
不燃ごみ,つめ切り,,つ
可燃ごみ,釣り糸,50cm以内にして出す。,つ
不燃ごみ,釣りざお(グラスファイバー製),竹製のさおは80cm以内に切って可燃ごみ。,つ
不燃ごみ,釣り針,ガムテープ等で覆い、「針」と明記する。,つ
不燃ごみ,釣り用リール,糸は50cm以内に切って可燃ごみ。,つ
不燃ごみ,ディスプレイモニター,チューナーの無いもの。,て
可燃ごみ,ＤＶＤ,,て
不燃ごみ,"ＤＶＤプレーヤー,レコーダー",,て
可燃ごみ,ティッシュペーパー,,て
可燃ごみ,テーブルクロス,50cm角以内に切って可燃ごみ。処理施設に直接搬入する場合は切らなくてもよい。,て
可燃ごみ,デスクマット,50cm角以内に切って出す。,て
不燃ごみ,鉄アレイ,,て
可燃ごみ,テニスボール,,て
可燃ごみ,テニスラケット(木･プラスチック製),金属製品、金属部分は不燃ごみ。,て
可燃ごみ,手袋,,て
可燃ごみ,テレホンカード,,て
可燃ごみ,電化製品の緩衝材(発泡スチロール),,て
不燃ごみ,電気あんか,,て
不燃ごみ,電気カーペット,1m以内にして縛って出す。,て
不燃ごみ,電気蚊とり器,,て
不燃ごみ,電気釜,中に他のごみを入れない。,て
不燃ごみ,電気カミソリ,電池は処理困難ごみ。,て
不燃ごみ,電気コード,,て
不燃ごみ,電気スタンド,蛍光管類は処理困難ごみ。,て
不燃ごみ,電気ストーブ,袋に入れて出す。入らない場合は、指定袋（大）をつけて出す。,て
不燃ごみ,電気ポット,中に他のごみを入れない。,て
不燃ごみ,電気毛布,1m以内にして縛って出す。,て
不燃ごみ,電球,蛍光管は処理困難ごみ。,て
処理困難ごみ 電池・体温計,電子体温計,,て
不燃ごみ,電子タバコ,,て
不燃ごみ,電子レンジ,指定袋に入れるか、指定袋大をつける。中に他のごみを入れない。,て
不燃ごみ,天体望遠鏡,長さ1m以内にして出す。,て
不燃ごみ,電卓,電池は処理困難ごみ。,て
処理困難ごみ 電池・体温計,電池,,て
可燃ごみ,テント,50cm以内に切って出す。金属部分は不燃ごみ。,て
不燃ごみ,テント(支柱),1m以内にして出す。,て
不燃ごみ,電動ハブラシ,電池は処理困難ごみ。,て
不燃ごみ,電話機,,て
不燃ごみ,ドアノブ,,と
不燃ごみ,投網(とあみ),,と
可燃ごみ,トイレコーナー,金属製品は不燃ごみ。,と
不燃ごみ,陶磁器類,段ボール等に入れない。指定袋に入れて出す。,と
可燃ごみ,豆腐のパック･フタ,,と
可燃ごみ,灯油用ポリタンク,油を取り除いて出す。,と
不燃ごみ,トースター,中に他のごみを入れない。,と
不燃ごみ,時計,電池は処理困難ごみ。,と
不燃ごみ,トナーカートリッジ,なるべくメーカーのリサイクルに出す。,と
不燃ごみ,土鍋,,と
不燃ごみ,ドライバー(家庭工具),,と
可燃ごみ,ドライフラワー,金属を含むものは不燃ごみ。,と
不燃ごみ,ドライヤー,,と
不燃ごみ,ドラム（コード）,,と
不燃ごみ,トランシーバー,,と
不燃ごみ,鳥かご(金属製),木・プラスチック製品は可燃ごみ。,と
不燃ごみ,塗料スプレー缶,中身を使い切って、穴を開けて出す。,と
資源ごみ,ドリンクびん,中をよく洗って出す。金属製キャップは不燃ごみ。,と
可燃ごみ,トレー（発泡）,できるだけ販売店の回収に出す。,と
不燃ごみ,ナイフ類,刃をガムテープ等で覆って出す。,な
可燃ごみ,ナイロン袋,,な
不燃ごみ,長靴,,な
不燃ごみ,鉈（なた）,刃をガムテープ等で覆って出す。木・プラスチック製の柄は可燃ごみ。,な
不燃ごみ,鍋,,な
可燃ごみ,生ごみ,十分に水切りをして出す。,な
不燃ごみ,生ごみ処理機,中を空にして、指定袋（大）をつけて出す。,な
可燃ごみ,縄,50cm以内に切って出す。,な
可燃ごみ,乳酸菌飲料の容器･フタ,,に
可燃ごみ,人形,金属部分は不燃ごみ。,に
不燃ごみ,人形のガラスケース,,に
可燃ごみ,ぬいぐるみ,金属部分は不燃ごみ。,ぬ
不燃ごみ,縫い針,ガムテープ等で覆い、「針」と明記する。,ぬ
可燃ごみ,布きれ,50cm角以内に切って可燃ごみ。処理施設に直接搬入はそのまま。,ぬ
可燃ごみ,ネガ,,ね
可燃ごみ,ネクタイ,50cm角以内に切って可燃ごみ。処理施設に直接搬入はそのまま。,ね
可燃ごみ,猫砂,汚物は取り除いて出す。シリカゲル製品は不燃ごみ,ね
不燃ごみ,ネジ,,ね
不燃ごみ,ネズミ捕り器,木・プラスチック製品は可燃ごみ。,ね
可燃ごみ,ネット（花・野菜・ゴルフなどに使用するもの）,50㎝以内に切って出す。,ね
可燃ごみ,寝袋,50cm角以内に切って出す。,ね
可燃ごみ,練りカラシ･練りワサビのチューブ,金属製のチューブは不燃ごみ。,ね
不燃ごみ,粘土,紙粘土は可燃ごみ。,ね
不燃ごみ,のこぎり,刃をガムテープ等で覆って出す。木製の柄は可燃ごみ。,の
資源ごみ,のりの佃煮の空きびん,中身を使い切り洗って出す。プラスチックのフタは可燃ごみ、金属製のフタは不燃ごみ。,の
不燃ごみ,バーベキューコンロ,灰・炭を取り除いて出す。,は
不燃ごみ,灰皿,,は
不燃ごみ,灰（豆炭、練炭、木炭）,袋に入れ「豆炭灰」と明記する。未使用のものは回収不可。,は
不燃ごみ,パイプイス,,は
可燃ごみ,バインダー,金属部分は不燃ごみ。,は
可燃ごみ,パウチ,,は
不燃ごみ,はかり,電池は処理困難ごみ。,は
不燃ごみ,はけ,,は
可燃ごみ,バケツ(プラスチック製),金属部分や金属製品は不燃ごみ。,は
不燃ごみ,はさみ類,刃をガムテープ等で覆って出す。,は
可燃ごみ,箸（はし）,金属製品は不燃ごみ。,は
不燃ごみ,パソコン周辺機器（プリンターほか）,,は
可燃ごみ,バターの容器,,は
可燃ごみ,発炎筒（使用済みのもの）,未使用のものは回収不可。,は
不燃ごみ,バッグ,,は
不燃ごみ,バット(金属製),木・プラスチック製は半分に切って可燃ごみ。,は
可燃ごみ,発泡スチロール,,は
不燃ごみ,花器,木・プラスチック製品は可燃ごみ。,は
可燃ごみ,花火(使用済みのもの),未使用のものは回収不可。,は
可燃ごみ,歯ブラシ,,は
可燃ごみ,歯磨きチューブ,金属製のものは不燃ごみ。,は
不燃ごみ,刃物,ガムテープ等で覆って出す。,は
不燃ごみ,パラボラアンテナ,指定袋（大）をつける。,は
不燃ごみ,針,ガムテープ等で覆い、「針」と明記する。注射針は回収不可。,は
不燃ごみ,針金,,は
可燃ごみ,ハンガー,金属類は不燃ごみ。クリーニング店で引取可能なものもあります。,は
可燃ごみ,ハンカチ,　,は
不燃ごみ,ハンドマイク,乾電池は処理困難ごみ。,は
不燃ごみ,ハンマー,,は
不燃ごみ,ピアニカ,,ひ
不燃ごみ,ビー玉,,ひ
不燃ごみ,ビーチパラソル,,ひ
可燃ごみ,ＰＰバンド,50cm以内に切って出す。,ひ
可燃ごみ,ビールケース,できるだけ販売店へ出す。,ひ
資源ごみ,ビールびん,中をよく洗って出す。できるだけ販売店へ。フタは不燃ごみ。,ひ
可燃ごみ,引き出し（学校用）,磁石の付いているものは、磁石をはずす。,ひ
不燃ごみ,備中くわ,柄の部分は可燃ごみ。,ひ
不燃ごみ,ビデオカメラ,電池は処理困難ごみ。,ひ
不燃ごみ,ビデオテープ,ケースは可燃ごみ。,ひ
不燃ごみ,ビデオデッキ,,ひ
不燃ごみ,雛壇（雛人形用）,長さ1m以内にして束ね、縛って出す。木・プラスチック製品は可燃ごみ。,ひ
可燃ごみ,雛人形,金属部分は不燃ごみ。,ひ
可燃ごみ,ビニールシート,50cm角以内に切って出す。塩化ビニル製品は不燃ごみ。,ひ
不燃ごみ,ビニールプール,,ひ
可燃ごみ,ビニールテープ,50cm以内に切って出す。,ひ
可燃ごみ,肥料袋,農業で使用したものは回収不可。,ひ
可燃ごみ,ひも,50cm以内に切って出す。,ひ
資源ごみ,びん(化粧品),中をよく洗って出す。陶器製の化粧びんは不燃ごみ,ひ
資源ごみ,びん(酒類･調味料･のり･食用油),中をよく洗って出す。金属製のフタは不燃ごみ。一升瓶はなるべく販売店へ。ワインびんの金具は付いていても回収可能。,ひ
資源ごみ,びん（ラムネビンのビー玉入り）,ビー玉が入った状態でも、資源ごみで回収可能。,ひ
不燃ごみ,びんのキャップ（金属製）,プラスチック製のものは可燃ごみ。,ひ
可燃ごみ,ファイル,金属部分は不燃ごみ。紙は資源ごみ。,ふ
不燃ごみ,ファックス,紙は取り除いて出す。,ふ
可燃ごみ,ファンシーケース,50cm以内に切って出す。金属部分は不燃ごみ。,ふ
不燃ごみ,ファンヒーター,燃料を抜いて出す。指定袋に入れて出す。入らない場合は指定袋（大）をつけて出す。,ふ
可燃ごみ,フィルム,,ふ
不燃ごみ,風鈴,,ふ
不燃ごみ,フォーク(台所用品),プラスチック製品は可燃ごみ。,ふ
可燃ごみ,ふきん,,ふ
可燃ごみ,ブックカバー,紙製品はできるかぎり資源回収へ。,ふ
可燃ごみ,筆(毛筆),,ふ
可燃ごみ,筆箱,金属部分・金属製品は不燃ごみ。,ふ
可燃ごみ,ふとん,指定袋（大）に入れる。入らない場合は、布団１枚につき、１枚指定袋（大）を付けて出す。,ふ
不燃ごみ,ふとん乾燥機,,ふ
不燃ごみ,フライパン,,ふ
可燃ごみ,ブラシ,金属製品は不燃ごみ。,ふ
可燃ごみ,プラモデル,外箱は資源ごみ。金属部分は不燃ごみ。電池は処理困難ごみ。,ふ
可燃ごみ,フラワーポット,土などは除いて出す。金属･陶器製品は不燃ごみ。,ふ
可燃ごみ,プランター,土などは除いて出す。金属･陶器製品は不燃ごみ。,ふ
不燃ごみ,プリンター,トナー、インクカートリッジは、販売店のリサイクルボックスへ。紙は取り除いて出す。,ふ
可燃ごみ,プリンの容器,,ふ
可燃ごみ,プリンの容器･フタ（紙・プラスチック製）,アルミ製にものは、不燃ごみ。,ふ
可燃ごみ,ブルーレイディスク,,ふ
可燃ごみ,フロアマット,50cm角以内に切って出す。,ふ
不燃ごみ,フロッピーディスク,ケースは可燃ごみ。,ふ
可燃ごみ,風呂ふた（プラスチック製）,金属類は不燃ごみ。,ふ
可燃ごみ,風呂マット,50cm角以内に切って出す。金属製品・金属部分は不燃ごみ。,ふ
不燃ごみ,文鎮(ぶんちん),,ふ
可燃ごみ,文房具,金属部分・金属製品・消しゴムは不燃ごみ。分別して出す。,ふ
不燃ごみ,ヘアスプレー缶,中身を使い切り、穴を開けて出す。キャップや外装フィルムは可燃ごみ。,へ
可燃ごみ,ヘアブラシ,金属製品は不燃ごみ。,へ
資源ごみ,ペットボトル(飲料用でペット1),中をよく洗って出す。プラスチックキャップは可燃ごみ。金属製は不燃ごみ。,へ
不燃ごみ,ベビーカー,指定袋（大）をつけて出す。,へ
不燃ごみ,ベビーラック,布製品は可燃ごみ。,へ
不燃ごみ,ヘルスメーター(体重計),電池は処理困難ごみ。,へ
可燃ごみ,ベルト(ズボン用),50cm以内に切って出す。金属部分は不燃ごみ。,へ
不燃ごみ,ヘルメット,,へ
不燃ごみ,ペンキの缶,中身を使い切って出す。,へ
不燃ごみ,ペンキのスプレー缶,中身を使い切り、穴を開けて出す。キャップや外装フィルムは可燃ごみ。,へ
不燃ごみ,ペンチ,,へ
不燃ごみ,便器（陶器製）,指定袋（大）の袋を付けて出す。,へ
不燃ごみ,便座（樹脂製）,プラスチック製品は可燃ごみ。,へ
可燃ごみ,弁当(コンビニなど)の容器,,へ
可燃ごみ,弁当箱(プラスチック製),金属製品は不燃ごみ。,へ
不燃ごみ,ペン類,プラスチック製品、プラスチック部分は可燃ごみ。,へ
不燃ごみ,ホイール（車用）,指定袋（大）に入れるか、入らない時は１本につき１枚指定袋（大）をつけて出す。,ほ
可燃ごみ,ホイールカバー（車用・プラスチック製）,金属部分は不燃ごみ。,ほ
可燃ごみ,ほうき,金属部分は不燃ごみ。,ほ
可燃ごみ,帽子,,ほ
可燃ごみ,包帯,50cm以内に切って出す。,ほ
不燃ごみ,包丁,刃をガムテープ等で覆って出す。,ほ
不燃ごみ,包丁研ぎ器,,ほ
不燃ごみ,ボウル(台所用金属製),木・プラスチック製品は可燃ごみ。,ほ
可燃ごみ,ホース,50cm以内に切って出す。塩化ビニル製品は不燃ごみ。,ほ
可燃ごみ,ポータブルトイレ（プラスチック製・木製）,清掃して出す。50㎝以上の場合は粗大ごみ。ウレタン樹脂の場合は不燃ごみ。,ほ
可燃ごみ,ボール(スポーツ用品),できるだけ空気を抜いて出す。,ほ
不燃ごみ,ホーロー鍋,,ほ
不燃ごみ,歩行器(幼児用),プラスチック製品は可燃ごみ。,ほ
不燃ごみ,ボストンバッグ,紙・布製品は金属部分を除いて可燃ごみ,ほ
可燃ごみ,ボタン(プラスチック製),金属製品は不燃ごみ。,ほ
不燃ごみ,ホチキス,,ほ
不燃ごみ,ポット(魔法瓶),中に他のごみを入れない。,ほ
可燃ごみ,ポット(園芸・苗用),土などを取り除いて出す。,ほ
不燃ごみ,ホットカーペット,1m以内にたたんで出す。,ほ
不燃ごみ,ホットプレート,,ほ
可燃ごみ,ポテトチップなどの紙缶･フタ,金属の底部分は不燃ごみ。,ほ
可燃ごみ,哺乳瓶(プラスチック製),耐熱ガラス製品は不燃ごみ。,ほ
可燃ごみ,ポラロイド写真,,ほ
可燃ごみ,ポリタンク,中を空にして出す。,ほ
可燃ごみ,保冷剤,,ほ
不燃ごみ,保冷米びつ,,ほ
可燃ごみ,マーカーペン(油性ペン),金属・ガラス製品は不燃ごみ。,ま
可燃ごみ,マーガリンの容器･外箱,,ま
可燃ごみ,マージャンパイ（麻雀牌）,,ま
不燃ごみ,マイク（マイクロホン）,電池は処理困難ごみ,ま
可燃ごみ,巻尺(布製),50cm以内に切って出す。金属部分や金属製の巻尺は不燃ごみ。,ま
不燃ごみ,マグネット,プラスチック部分は可燃ごみ。,ま
可燃ごみ,まくら,,ま
可燃ごみ,マジックペン,金属・ガラス製品は不燃ごみ。,ま
可燃ごみ,マッチ,未使用のものは回収不可。,ま
不燃ごみ,窓ガラス(板ガラス),危険のないようにガムテープ等で覆って出す。,ま
可燃ごみ,まな板,金属部分は不燃ごみ。,ま
不燃ごみ,豆炭の灰,袋に入れ、「豆炭灰」と明記する。未使用のものは回収不可。,ま
可燃ごみ,マヨネーズの容器,,ま
可燃ごみ,ミカンが入っていた網･ネット,,み
不燃ごみ,ミシン,糸などは可燃ごみ。分別して出す。,み
不燃ごみ,ミルク缶,中身を使い切り、洗って出す。プラスチックふたは可燃ごみ。,み
可燃ごみ,虫かご(プラスチック製),金属製品は不燃ごみ。,む
不燃ごみ,蒸し器(せいろ),木製品は可燃ごみ。,む
不燃ごみ,虫ピン,ガムテープ等で覆って、「針」と明記する。,む
不燃ごみ,虫めがね(ガラス製),プラスチック製品は可燃ごみ。,む
可燃ごみ,名刺ケース,金属製品は不燃ごみ。,め
不燃ごみ,眼鏡,プラスチックレンズは可燃ごみ。,め
可燃ごみ,目薬の容器(ボトル),,め
不燃ごみ,メジャー(金属製),,め
不燃ごみ,メモリーカード,データの破棄をしてから出す。,め
可燃ごみ,綿棒(容器も含む),,め
可燃ごみ,毛布,50cm角以内に切って出す。,も
不燃ごみ,もちつき機,中に他のごみを入れない。,も
可燃ごみ,モップ,金属部分は不燃ごみ。,も
不燃ごみ,やかん,中に他のごみを入れない。,や
不燃ごみ,焼き網,,や
可燃ごみ,野菜くず,十分に水切りをして出す。,や
可燃ごみ,野菜の外包装･結束テープ,結束テープは50cm以内に切って出す。,や
可燃ごみ,油紙,,ゆ
不燃ごみ,湯たんぽ(金属製),プラスチック製品は可燃ごみ。,ゆ
不燃ごみ,湯飲み茶碗,紙・新聞紙で包まない,ゆ
不燃ごみ,湯沸器,中に他のごみを入れない。,ゆ
可燃ごみ,ヨーグルトの容器,,よ
可燃ごみ,ヨーグルトのふた（紙・プラスチック製）,アルミ製にものは、不燃ごみ。,よ
不燃ごみ,ライター(使い捨て),燃料を使い切り、袋に入れて「ライター」と明記して出す。燃料の残っているものは回収不可。,ら
可燃ごみ,ラケット(木･プラスチック製),金属部分や金属製のものは不燃ごみ。,ら
不燃ごみ,ラジオ,電池は処理困難ごみ。,ら
不燃ごみ,ラジカセ,電池は処理困難ごみ。,ら
可燃ごみ,ラップ(食品用),金属製の刃は不燃ごみ。塩化ビニル素材は不燃ごみ。,ら
可燃ごみ,ラミネートチューブ,金属製のフタは不燃ごみ。,ら
不燃ごみ,ランチジャー,,ら
不燃ごみ,ランドセル,,ら
不燃ごみ,ランプ,,ら
不燃ごみ,リール(釣り用),釣り糸は50cm以内に切って可燃ごみ。,り
可燃ごみ,リコーダー,,り
不燃ごみ,リモコン,電池は処理困難ごみ。,り
不燃ごみ,リュックサック,,り
可燃ごみ,料理くず,十分に水切りをして出す。,り
可燃ごみ,りんごを包んだ発泡スチロール製ネット,,り
可燃ごみ,ルーズリーフ（ファイル）,金属部分は不燃ごみ。,る
不燃ごみ,冷風扇,,れ
可燃ごみ,レコード盤,,れ
不燃ごみ,レコードプレイヤー,,れ
可燃ごみ,レシート,,れ
可燃ごみ,レジ袋,エコバッグなどの繰り返し使える買い物袋を持参して、なるべくもらわない。,れ
可燃ごみ,レジャーシート,50cm角以内に切って出す。,れ
可燃ごみ,レトルトパック(カレーなど),,れ
不燃ごみ,レンジ(ガス･電気),中に他のごみを入れない。指定袋に入れて出す。入らない時は指定袋（大）をつけて出す。,れ
可燃ごみ,ろう紙,,ろ
可燃ごみ,ローソク,,ろ
可燃ごみ,ロープ,50cm以内に切って出す。,ろ
不燃ごみ,ローラースケート,,ろ
不燃ごみ,ワープロ,,わ
可燃ごみ,ワイパー,金属部分は不燃ごみ。,わ
不燃ごみ,ワイヤー,,わ
可燃ごみ,輪ゴム,,わ
可燃ごみ,綿,,わ
可燃ごみ,ワックス,固形ならば、容器から取り出して可燃ごみ。液体ならば、布類に染み込ませて可燃ごみへ。容器は、不燃ごみ。,わ
可燃ごみ,わら製品(民芸品など),,わ
可燃ごみ,割りばし,できるだけ使い捨て商品は避けましょう。,わ
処理困難ごみ 電池・体温計,バッテリー,モバイルバッテリーは回収可能・自動車バッテリーは不可,は
処理困難ごみ 蛍光管,水銀灯,一般は回収可能　事業所は回収不可,す
